[
    {
        "name": "娱乐",
        "children": [
            {
                "name": "哔哩哔哩",
                "target": "http://www.bilibili.com/",
                "bgImage": "static/ico/d8b62f4d64bda8800b1c788cd5ba3c68.png"
            },
            {
                "name": "抖音",
                "target": "https://www.douyin.com",
                "bgImage": "static/ico/8001dqh3p6ashqujabze1jzukbyung.png"
            },
            {
                "name": "低端影视",
                "target": "https://ddys.one/",
                "bgImage": "static/ico/8001ddg6vhcacup9v5t7oz4jwejow3.png"
            },
            {
                "name": "音范丝",
                "target": "https://www.yinfans.me/",
                "bgImage": "static/ico/user-custom-icon1i4o0edsf3waeql8ox5suvup4yq.png"
            },
            {
                "name": "知乎",
                "target": "https://www.zhihu.com/",
                "bgImage": "static/ico/2b89ebe968d8cafe77a5c587daa79c7f.png"
            },
            {
                "name": "豆瓣",
                "target": "https://movie.douban.com/",
                "bgImage": "static/ico/e9b0df13819c1029fdc4287a6a83bf6c.png"
            },
            {
                "name": "吾爱破解",
                "target": "https://www.52pojie.cn/forum-16-1.html",
                "bgImage": "static/ico/user-custom-icon1gsjgtrshivqf00f4vkvsk3krev.png"
            },
            {
                "name": "新浪微博",
                "target": "http://weibo.com/",
                "bgImage": "static/ico/0f2ab700f8fff5b6e9ebc7d6a976981f.png"
            },
            {
                "name": "一加ROM",
                "target": "https://yun.daxiaamu.com/OnePlus_Roms/",
                "bgImage": "static/ico/user-custom-icon1i40obu1103e2ogmpgkn6ksy6d7.png"
            },
            {
                "name": "最右",
                "target": "https://www.izuiyou.com/",
                "bgImage": "static/ico/user-custom-icon1huv18ke9vdnbs1d8ufmgz7wf48.png"
            },
            {
                "name": "奈飞影视",
                "target": "https://www.netflixgc.com/",
                "bgImage": "static/ico/user-custom-icon1ilo8vdhuu2k29fipcsu3ssocx9.png"
            },
            {
                "name": "盘库吧",
                "target": "https://panku8.com/",
                "bgImage": "static/ico/pankuba.ico"
            },
            {
                "name": "Seedhub",
                "target": "https://www.seedhub.cc/",
                "bgImage": "static/ico/seedhub.ico"
            },
            {
                "name": "80s电影网",
                "target": "http://www.80s.tw/",
                "bgImage": "static/ico/d4564fdc5122eebf6af8b370109473a2.png"
            },
            {
                "name": "MVCAT",
                "target": "https://www.mvcat.com/",
                "bgImage": "static/ico/8001enkuus618thasjb2visvp51g45.png"
            },
            {
                "name": "影视",
                "target": "https://www.yjys02.com/",
                "bgImage": "static/ico/user-custom-icon1i5prthlsu8hiv8r33t3sjujzrl.png"
            },
            {
                "name": "虎牙直播",
                "target": "http://www.huya.com/",
                "bgImage": "static/ico/b5cee0e42107beeb4c20aca9d72ac52c.png"
            },
            {
                "name": "斗鱼",
                "target": "http://www.douyutv.com/",
                "bgImage": "static/ico/66f3d54ad9a6e62fbcb13bbf96211f67.png"
            },
            {
                "name": "Spotify",
                "target": "https://open.spotify.com/browse",
                "bgImage": "static/ico/9001c3slltp2lhw6av0043jf74vxp5.png"
            },
            {
                "name": "Instagram",
                "target": "https://www.instagram.com/",
                "bgImage": "static/ico/9001c11bn1d4l4zc8l46jum7hvg9kv.png"
            },
            {
                "name": "游戏下载",
                "target": "https://koyso.com/",
                "bgImage": "static/ico/user-custom-icon1huurek1odotrdgkoelit9h1arn.png"
            },
            {
                "name": "9dgames",
                "target": "http://www.9dmsgame.net/",
                "bgImage": "static/ico/user-custom-icon1gsje0trkouqgbpu8zkpmu1vb78.png"
            },
            {
                "name": "CSGO",
                "target": "http://www.csgo.com.cn/main.html",
                "bgImage": "static/ico/5a77445427a2af9c5887ae8f23cf9dc1.png"
            },
            {
                "name": "GBT游戏",
                "target": "http://gbtgame.ysepan.com/",
                "bgImage": "static/ico/user-custom-icon1i57rcq489ro0yfymk9qfu2jk3b.png"
            },
            {
                "name": "GooglePlay",
                "target": "https://Play.Google.com",
                "bgImage": "static/ico/d93b6646c66b6d2b80076a23c91e1953.png"
            },
            {
                "name": "MOD网站",
                "target": "https://www.nexusmods.com/",
                "bgImage": "static/ico/user-custom-icon1i9grqdnbyki2tuwzzs02c4jlt5.png"
            },
            {
                "name": "slowroads",
                "target": "https://slowroads.io/",
                "bgImage": "static/ico/icon-1i5kk86ahldlfz6oueffudozc3y.png"
            },
            {
                "name": "Steam",
                "target": "https://store.steampowered.com/",
                "bgImage": "static/ico/user-custom-icon1i4r5emj93ayokagcg278ran03v.png"
            },
            {
                "name": "SteamDB",
                "target": "https://steamdb.info/upcoming/free/",
                "bgImage": "static/ico/8001e5tk9blvjtdfgykt33yejreht4.png"
            },
            {
                "name": "Twitch",
                "target": "https://www.twitch.tv/",
                "bgImage": "static/ico/twitch.png"
            },
            {
                "name": "yorg.io",
                "target": "https://yorg.io/",
                "bgImage": "static/ico/user-custom-icon1guaga4qrm9s2nwsbklhm9vnnyv.png"
            },
            {
                "name": "трекер RuTrac",
                "target": "http://rutracker.org/forum/index.php",
                "bgImage": "static/ico/89888ceee201b564e4bef592d07fb3f5.png"
            },
            {
                "name": "单机游戏",
                "target": "https://steamzg.com",
                "bgImage": "static/ico/user-custom-icon1i6e0bqnpzl8vy4b35jcm3q5q0p.png"
            },
            {
                "name": "米哈社",
                "target": "https://www.scyo123p8191.com/",
                "bgImage": "static/ico/user-custom-icon1i6puklfsyrugambz12f7otmvn8.png"
            },
            {
                "name": "摸鱼小游戏",
                "target": "https://poki.com/zh",
                "bgImage": "static/ico/user-custom-icon1huurk8pe5x3nqvcto97ts8l9e3.png"
            },
            {
                "name": "摸鱼专区",
                "target": "https://www.oschina.net/group/fishfish",
                "bgImage": "static/ico/user-custom-icon1i69iqttfq9d4waeuchaxforqvo.png"
            },
            {
                "name": "塔防战争",
                "target": "https://kiomet.com/",
                "bgImage": "static/ico/user-custom-icon1i69ebmk5chzfo9842vosho6qwd.png"
            },
            {
                "name": "网易BUFF",
                "target": "https://buff.163.com/",
                "bgImage": "static/ico/9001ch8lgdrkdzukjehis0egntadw5.png"
            },
            {
                "name": "小黑盒社区",
                "target": "https://www.xiaoheihe.cn/app/bbs/home",
                "bgImage": "static/ico/user-custom-icon1ilj2llvi6yawrputycng0e166t.png"
            },
            {
                "name": "游戏520",
                "target": "https://www.gamer520.com/",
                "bgImage": "static/ico/user-custom-icon1i6e0cbm15fq5o3044sjr90ljqc.png"
            },
            {
                "name": "游戏天堂",
                "target": "https://www.zzzzz688.com/",
                "bgImage": "static/ico/user-custom-icon1i6e0bhbqqes7n0662fxt8bqok7.png"
            }
        ]
    },
    {
        "name": "网络",
        "children": [
            {
                "name": "12306",
                "target": "https://kyfw.12306.cn/otn/login/init",
                "bgImage": "static/ico/20f8d9d9ca5b64f6cbe90e1c1a97ef0c.png"
            },
            {
                "name": "Outlook",
                "target": "https://outlook.live.com/",
                "bgImage": "static/ico/user-custom-icon1i582ggu5j4yuwfpxezatk38v7x.png"
            },
            {
                "name": "2925无限邮",
                "target": "https://www.2925.com/",
                "bgImage": "static/ico/user-custom-icon1i4gjbp80ms1ypqowke26t5xg53.png"
            },
            {
                "name": "QQ邮箱",
                "target": "https://mail.qq.com",
                "bgImage": "static/ico/3a9abce9ff5c6d6f6fa07c3eb60a2805.png"
            },
            {
                "name": "163邮箱",
                "target": "http://mail.163.com/",
                "bgImage": "static/ico/e783a83edc8c4f2c1d96a8dec0a32870.png"
            },
            {
                "name": "126邮箱",
                "target": "http://www.126.com",
                "bgImage": "static/ico/91e1d4610d456e1a7fec4e81cbb30f11.png"
            },
            {
                "name": "花瓣邮箱",
                "target": "https://www.petalmail.com/",
                "bgImage": "static/ico/user-custom-icon1gsjdm7o3kg2u35p4ipqune3cxh.png"
            },
            {
                "name": "临时邮箱",
                "target": "http://24mail.chacuo.net/",
                "bgImage": "static/ico/7432cb50865730be43924ec0c2af23b0.png"
            },
            {
                "name": "123云盘",
                "target": "https://www.123pan.com/",
                "bgImage": "static/ico/user-custom-icon1i2vm4je4f5z6um1bjxeqedxyhf.png"
            },
            {
                "name": "阿里云盘",
                "target": "http://www.aliyundrive.com/drive/",
                "bgImage": "static/ico/8001fdcavf4bmsxf1gktk8o8ep7als.png"
            },
            {
                "name": "百度网盘",
                "target": "https://pan.baidu.com/",
                "bgImage": "static/ico/9001cgq7s988m9vqbv91litp31mups.png"
            },
            {
                "name": "夸克云盘",
                "target": "https://pan.quark.cn/",
                "bgImage": "static/ico/user-custom-icon1gsjd6ssu3lpy4a8r2e6pdwsbdf.png"
            },
            {
                "name": "蓝奏云",
                "target": "http://pan.lanzou.com/",
                "bgImage": "static/ico/9001c52r6mcr2ispup8iisawgoytyy.png"
            },
            {
                "name": "天翼云盘",
                "target": "https://cloud.189.cn/main.action#security/folder/81301310433751218",
                "bgImage": "static/ico/8001ecmgaud32zmals3fxfnv04lozs.png"
            },
            {
                "name": "华为云空间",
                "target": "https://cloud.huawei.com/home#/",
                "bgImage": "static/ico/9001c928r6c4i9l2jyht7hqce47mfx.png"
            },
            {
                "name": "OPPO云服务",
                "target": "https://cloud.oppo.com/",
                "bgImage": "static/ico/oppoyfw.svg"
            },
            {
                "name": "豆包AI",
                "target": "https://www.doubao.com/chat/",
                "bgImage": "static/ico/user-custom-icon1i4lmpsiv5321rf8153e6q9g5py.png"
            },
            {
                "name": "小艺",
                "target": "https://xiaoyi.huawei.com/chat/",
                "bgImage": "static/ico/user-custom-icon1ipj8j81vu96yo5haj8o6ryeqf3.png"
            },
            {
                "name": "有道翻译",
                "target": "http://fanyi.youdao.com/?keyfrom=fanyi-new.logo",
                "bgImage": "static/ico/adbbb4ad604a31261e84dc37a50c0086.png"
            },
            {
                "name": "腾讯交互翻译",
                "target": "https://transmart.qq.com",
                "bgImage": "static/ico/user-custom-icon1gsjghe2opnm8yw7fkl5oomx5mo.png"
            },
            {
                "name": "微软翻译",
                "target": "https://cn.bing.com/translator/",
                "bgImage": "static/ico/212a2e7bc9263f735b2109d2baf8ce69.png"
            },
            {
                "name": "问答库",
                "target": "https://www.asklib.com/",
                "bgImage": "static/ico/8001e9l32p6edomurapie7zsarhpl5.png"
            },
            {
                "name": "NGA",
                "target": "http://bbs.ngacn.cc/",
                "bgImage": "static/ico/e25bbc512d3c0f05bede946070f33cbe.png"
            },
            {
                "name": "天涯论坛",
                "target": "https://www.tianya.net.cn/",
                "bgImage": "static/ico/8001cqim6eq21qh1iyf16mvkhe457z.png"
            },
            {
                "name": "高德地图",
                "target": "http://ditu.amap.com/",
                "bgImage": "static/ico/d1b00e6f33c7c9c436c9fbd20a3278d7.png"
            },
            {
                "name": "知乎盐选库pwd：rydw",
                "target": "https://www.yuque.com/dayuyu-ualcu/azo1ge",
                "bgImage": "static/ico/user-custom-icon1gsji63rpbvv6yabpf2eehubq9f.png"
            },
            {
                "name": "我不是盐神",
                "target": "https://onehu.xyz/",
                "bgImage": "static/ico/user-custom-icon1huukhntlgar3gqe7ynmaw5kmuj.png"
            },
            {
                "name": "盐神居",
                "target": "https://saltsgod.com/",
                "bgImage": "static/ico/user-custom-icon1huukjofvz0d3o1xqbmp3d3dhu6.png"
            },
            {
                "name": "沙雕新闻",
                "target": "https://shadiao.plus/",
                "bgImage": "static/ico/user-custom-icon1i69i8khnu8stw7ddfl28f5m4qq.png"
            }
        ]
    },
    {
        "name": "工具",
        "children": [
            {
                "name": "让我帮你百度",
                "target": "https://ffis.me/baidu/index.html",
                "bgImage": "static/ico/user-custom-icon1h7u5920o4426skp33lh0ltitf1.png"
            },
            {
                "name": "无极磁链",
                "target": "https://0cili.net/",
                "bgImage": "static/ico/user-custom-icon1gsje4lil9mlavdy0has74se2d9.png"
            },
            {
                "name": "在线工具",
                "target": "https://tool.lu",
                "bgImage": "static/ico/user-custom-icon1gsjjs4na15w6gpiig2jbv65u1o.png"
            },
            {
                "name": "即时小工具",
                "target": "https://www.67tool.com/",
                "bgImage": "static/ico/user-custom-icon1i5ksgs6px167x6gqxykc6q023i.png"
            },
            {
                "name": "轻工具",
                "target": "https://qinggongju.com",
                "bgImage": "static/ico/user-custom-icon1gsjjnlc66p13vkqki6fskxweyf.png"
            },
            {
                "name": "快搜",
                "target": "https://search.chongbuluo.com/",
                "bgImage": "static/ico/8001e7vdhp87gyu4usyznlwuod72he.png"
            },
            {
                "name": "爱搜(盘搜)",
                "target": "https://www.esoua.com/",
                "bgImage": "static/ico/user-custom-icon1iicn6ie9t48dlpuuk3rdiz57gc.png"
            },
            {
                "name": "鸠摩搜索",
                "target": "https://www.jiumodiary.com/",
                "bgImage": "static/ico/8001dnme2ti6ocz67e3sr36ympj07b.png"
            },
            {
                "name": "开发者搜索",
                "target": "https://kaifa.baidu.com/",
                "bgImage": "static/ico/user-custom-icon1h95dj88jtl94lzrmcjrhsx2ylt.png"
            },
            {
                "name": "WallpapersCraft",
                "target": "https://wallpaperscraft.com/",
                "bgImage": "static/ico/db7cacaa15ac82cb09ad773311e91488.png"
            },
            {
                "name": "极简壁纸",
                "target": "https://bz.zzzmh.cn/",
                "bgImage": "static/ico/8001d0mblsb2j7agtzle3vb5ctf2z8.png"
            },
            {
                "name": "雨滴美化社区",
                "target": "https://bbs.rainmeter.cn/forum.php",
                "bgImage": "static/ico/9001c5lh2j11uhi5gpvfqjov4hfbhx.png"
            },
            {
                "name": "致美化",
                "target": "http://zhutix.com/",
                "bgImage": "static/ico/user-custom-icon1gsjgs89r8yl1db989tcva83xhv.png"
            },
            {
                "name": "短网址",
                "target": "https://www.urlc.cn/user",
                "bgImage": "static/ico/user-custom-icon1h7u583i451qy6pb95hsqr3enbp.png"
            },
            {
                "name": "各国网址",
                "target": "http://www.world68.com/country.asp",
                "bgImage": "static/ico/8001dortbhdmkv1nzxny4ii3a7ahu7.png"
            },
            {
                "name": "奇趣网站收藏",
                "target": "https://fuun.fun",
                "bgImage": "static/ico/user-custom-icon1i4qk4s1b1gejnteog3crst7hoi.png"
            },
            {
                "name": "资源收藏夹",
                "target": "https://zyscj.com/",
                "bgImage": "static/ico/user-custom-icon1i4qk6palisprabv3x3gqzc6y1z.png"
            },
            {
                "name": "书签地球",
                "target": "https://www.bookmarkearth.cn/",
                "bgImage": "static/ico/8001egfepskmfc35wgths0cgxta4yc.png"
            },
            {
                "name": "获取图标",
                "target": "https://pushkeen.ai/",
                "bgImage": "static/ico/user-custom-icon1iq17etmq6inzlb7yax67nbd3de.png"
            },
            {
                "name": "中国省份",
                "target": "https://vultr.youmu.moe/quiz/",
                "bgImage": "static/ico/chinap.ico"
            },
            {
                "name": "XJJ",
                "target": "https://xiaojiejie.me/",
                "bgImage": "static/ico/user-custom-icon1i9ep6vc9bglasm06z17wp0dtu2.png"
            },
            {
                "name": "BJX",
                "target": "https://fuliba2024.net/anhao.html",
                "bgImage": "static/ico/user-custom-icon1hus292sk30fft2fkgm5cv03ecr.png"
            },
            {
                "name": "FLB",
                "target": "https://fuliba2024.net/",
                "bgImage": "static/ico/2dbfe7eadc0dde1abfc358909a479ae4.png"
            },
            {
                "name": "斗图",
                "target": "https://www.doutupk.com/",
                "bgImage": "static/ico/user-custom-icon1i69ic29v9826mvi1n34eq4ajy7.png"
            },
            {
                "name": "幕布",
                "target": "https://mubu.com/list",
                "bgImage": "static/ico/b1db5301541992c66ba0f1c87ca035fa.png"
            },
            {
                "name": "墨刀",
                "target": "https://modao.cc/workspace/apps",
                "bgImage": "static/ico/71065c9d742ecf2411cb0b4f7b776524.png"
            },
            {
                "name": "椰子",
                "target": "http://h5.yezi86.com:90/#/login",
                "bgImage": "static/ico/user-custom-icon1i84cfmn5yitzbah2usgjnevdl7.png"
            },
            {
                "name": "奶牛快传",
                "target": "https://www.cowtransfer.com/utms/59abde444f424d1bbbc5b4bb3dcac3a3",
                "bgImage": "static/ico/1676018054796.png"
            }
        ]
    },
    {
        "name": "软件",
        "children": [
            {
                "name": "GitHub",
                "target": "https://github.com/",
                "bgImage": "static/ico/9fc01537e35ecf0a71416840097949cc.png"
            },
            {
                "name": "Gitee",
                "target": "https://gitee.com/CraiGZed/events",
                "bgImage": "static/ico/9001c41ga7v03ofj4hragfagkmh3mj.png"
            },
            {
                "name": "油叉镜像站",
                "target": "https://gf.qytechs.cn/zh-CN",
                "bgImage": "static/ico/43292772a9c7f4a13da9ce0e6f65e8e2.png"
            },
            {
                "name": "Greasy",
                "target": "https://greasyfork.org/zh-CN",
                "bgImage": "static/ico/43292772a9c7f4a13da9ce0e6f65e8e2.png"
            },
            {
                "name": "CSDN",
                "target": "http://www.csdn.net/",
                "bgImage": "static/ico/226d9bd6e7176a22d1696d751947a178.png"
            },
            {
                "name": "菜鸟教程",
                "target": "http://www.runoob.com/",
                "bgImage": "static/ico/9001c8fjcaa0luzorw1imuccxe8i1v.png"
            },
            {
                "name": "Ubuntu中文论坛",
                "target": "http://forum.ubuntu.org.cn/",
                "bgImage": "static/ico/34f6e9f7c964e832e75ec1242e116dc6.png"
            },
            {
                "name": "OpenEuler(linux)",
                "target": "https://www.openeuler.org/zh/learn/mooc/detail/",
                "bgImage": "static/ico/user-custom-icon1i1ecb0c7om8yj8jkqnwencu8ve.png"
            },
            {
                "name": "MSDN,我告诉你",
                "target": "https://msdn.itellyou.cn/",
                "bgImage": "static/ico/user-custom-icon1gsjk8tc7ldmrlb4cvb30bc1c0d.png"
            },
            {
                "name": "不忘初心win",
                "target": "https://www.pc528.net/",
                "bgImage": "static/ico/user-custom-icon1gsji4509k0udm1ycf0uaq7s08o.png"
            },
            {
                "name": "软件开源替代",
                "target": "https://openalternative.co/",
                "bgImage": "static/ico/user-custom-icon1iq17kkrnzl3zlkku7uymlc5ww9.png"
            },
            {
                "name": "3DM软件",
                "target": "https://soft.3dmgame.com/",
                "bgImage": "static/ico/user-custom-icon1iptf8creb74p7o96r35uetq1jp.png"
            },
            {
                "name": "绿软小站",
                "target": "https://www.gndown.com/",
                "bgImage": "static/ico/gndown.ico"
            },
            {
                "name": "423Down",
                "target": "http://www.423down.com/",
                "bgImage": "static/ico/9001ci4q9cut9s1wgtk3yvr9af3vxg.png"
            },
            {
                "name": "APK下载",
                "target": "https://apk.bot/",
                "bgImage": "static/ico/user-custom-icon1i02tfvi2uplhvo3b70gv0x9n3g.png"
            },
            {
                "name": "果核剥壳",
                "target": "https://www.ghxi.com/?utm_source=wetab",
                "bgImage": "static/ico/ghxi_1677135775783.png"
            },
            {
                "name": "开源中国",
                "target": "http://www.oschina.net/",
                "bgImage": "static/ico/8059449523d434fc2b5a60f0aba0670c.png"
            },
            {
                "name": "正版中国",
                "target": "https://getitfree.cn/",
                "bgImage": "static/ico/9001cbb7h4dqss00ykgaxpntn72bcg.png"
            },
            {
                "name": "酷安网",
                "target": "http://www.coolapk.com/",
                "bgImage": "static/ico/59805ef5d433ee5c042d31008b031123.png"
            },
            {
                "name": "蓝鲨",
                "target": "https://www.lsapk.com",
                "bgImage": "static/ico/user-custom-icon1i57ggddew9dywf6yvo2c37vk4c.png"
            },
            {
                "name": "老殁|殁漂遥",
                "target": "https://mpyit.com",
                "bgImage": "static/ico/user-custom-icon1i4qrsp7kxtcqcvl3yukwqthonq.png"
            },
            {
                "name": "绿色软件",
                "target": "http://www.xdowns.com/",
                "bgImage": "static/ico/e7b0915b04026390ba907cc57ff8636d.png"
            },
            {
                "name": "亿破姐",
                "target": "https://www.ypojie.com/",
                "bgImage": "static/ico/8001eg86uj170qm6qwk5qbgwr1kovz.png"
            },
            {
                "name": "异星软件空间",
                "target": "http://yx.bsh.me/",
                "bgImage": "static/ico/8001cuata7g61oshw8ut0odnfyc8gz.png"
            },
            {
                "name": "专注于Win7",
                "target": "https://www.newxitong.com/",
                "bgImage": "static/ico/user-custom-icon1hcc216cmw3by4j5x4iaw4kb5lg.png"
            },
            {
                "name": "资源铺",
                "target": "https://zypuu.com/",
                "bgImage": "static/ico/user-custom-icon1i4qjv5hlmnh4wdayqcxsa9nm6o.png"
            },
            {
                "name": "SitemapOnline",
                "target": "https://rowling7.github.io/ysindex/",
                "bgImage": "static/ico/9fc01537e35ecf0a71416840097949cc.png"
            }
        ]
    }
]