[{
    "id": "category-1gsje8q93bx8in605340mtbo2dq",
    "iconClass": "icon-yule",
    "name": "娱乐",
    "updateTime": 1745819549059,
    "children": [
        {
            "name": "哔哩哔哩",
            "target": "http://www.bilibili.com/",
            "type": "site",
            "bgType": "image",
            "bgColor": "rgba(0, 0, 0, 0)",
            "bgImage": "static/ico/d8b62f4d64bda8800b1c788cd5ba3c68.png",
            "origin": "622af28e7c5d1e54a2d12732",
            "id": "icon-1gsjd3gtsejcg6ubnabacjim9h8",
            "updateTime": 1679983494076,
            "total": 0,
            "lasttime": 0
        },
        {
            "name": "知乎",
            "target": "https://www.zhihu.com/",
            "type": "site",
            "bgType": "image",
            "bgColor": "rgba(0, 0, 0, 0)",
            "bgImage": "https://infinityicon.infinitynewtab.com/user-share-icon/2b89ebe968d8cafe77a5c587daa79c7f.png",
            "origin": "622af28e7c5d1e54a2d12d35",
            "id": "icon-1gsjd3mvcv0qsn4a0sk1e7cun2n",
            "updateTime": 1679983500268,
            "total": 0,
            "lasttime": 0
        },
        {
            "name": "低端影视",
            "target": "https://ddys.one/",
            "type": "site",
            "bgType": "image",
            "bgColor": "rgba(0, 0, 0, 0)",
            "bgImage": "https://infinitypro-img.infinitynewtab.com/custom-icon/8001ddg6vhcacup9v5t7oz4jwejow3.png",
            "origin": "online",
            "id": "icon-1gsjdhtvt40g3ny7li6ri4kn7ai",
            "updateTime": 1685203539410,
            "total": 0,
            "lasttime": 0
        },
        {
            "name": "抖音",
            "target": "https://www.douyin.com",
            "type": "site",
            "bgType": "image",
            "bgColor": "rgba(0, 0, 0, 0)",
            "bgImage": "https://infinitypro-img.infinitynewtab.com/custom-icon/8001dqh3p6ashqujabze1jzukbyung.png",
            "origin": "630dd66558b016880e1b9096",
            "id": "icon-1gsjhpil3odmvsvl2ad1xrkez5p",
            "updateTime": 1679988411043,
            "total": 0,
            "lasttime": 0
        },
        {
            "name": "微软翻译",
            "target": "https://cn.bing.com/translator/",
            "type": "site",
            "bgType": "image",
            "bgColor": "rgba(0, 0, 0, 0)",
            "bgImage": "https://infinityicon.infinitynewtab.com/user-share-icon/212a2e7bc9263f735b2109d2baf8ce69.png",
            "origin": "630dd66258b016880e1b5cf4",
            "id": "icon-1gsjgju13i6j59953wx2tjlvuhm",
            "updateTime": 1679987177507,
            "total": 0,
            "lasttime": 0
        },
        {
            "name": "虎牙直播",
            "target": "http://www.huya.com/",
            "type": "site",
            "bgType": "image",
            "bgColor": "rgba(0, 0, 0, 0)",
            "bgImage": "https://infinityicon.infinitynewtab.com/user-share-icon/b5cee0e42107beeb4c20aca9d72ac52c.png",
            "origin": "622af28e7c5d1e54a2d12c26",
            "id": "icon-1gsjdgcm3qias13riylbp49bmlj",
            "updateTime": 1679983915715,
            "total": 0,
            "lasttime": 0
        },
        {
            "name": "斗鱼",
            "target": "http://www.douyutv.com/",
            "type": "site",
            "bgType": "image",
            "bgColor": "rgba(0, 0, 0, 0)",
            "bgImage": "https://infinityicon.infinitynewtab.com/user-share-icon/66f3d54ad9a6e62fbcb13bbf96211f67.png",
            "origin": "622af28e7c5d1e54a2d12743",
            "id": "icon-1gsjdfb4ra5q4h8st2vorgx2v9m",
            "updateTime": 1679983881371,
            "total": 0,
            "lasttime": 0
        },
        {
            "name": "新浪微博",
            "target": "http://weibo.com/",
            "type": "site",
            "bgType": "image",
            "bgColor": "rgba(0, 0, 0, 0)",
            "bgImage": "https://infinityicon.infinitynewtab.com/user-share-icon/0f2ab700f8fff5b6e9ebc7d6a976981f.png",
            "origin": "622af28e7c5d1e54a2d12c6d",
            "id": "icon-1gsjde1skq1l0fxofzpf8cdwene",
            "updateTime": 1679983839124,
            "total": 0,
            "lasttime": 0
        },
        {
            "name": "吾爱破解",
            "target": "https://www.52pojie.cn/forum-16-1.html",
            "type": "site",
            "bgType": "image",
            "bgColor": "",
            "bgImage": "https://static.wetab.link/user-custom-icon/zh/6422823aa28dd5b5fd7f7423/user-custom-icon1gsjgtrshivqf00f4vkvsk3krev.png",
            "origin": "online",
            "id": "icon-1gsjdubobp4flcfj26ezj248bsi",
            "updateTime": 1679987503201,
            "total": 7,
            "lasttime": 1745818472389
        },
        {
            "name": "MSDN, 我告诉你",
            "target": "https://msdn.itellyou.cn/",
            "type": "site",
            "bgType": "image",
            "bgColor": "",
            "bgImage": "https://static.wetab.link/user-custom-icon/zh/6422823aa28dd5b5fd7f7423/user-custom-icon1gsjk8tc7ldmrlb4cvb30bc1c0d.png",
            "origin": "online",
            "id": "icon-1gsjd92qt0fizncv9v1yone1s4u",
            "updateTime": 1679991010945,
            "total": 1,
            "lasttime": 1745724151501
        },
        {
            "name": "知乎盐选库pwd：rydw",
            "target": "https://www.yuque.com/dayuyu-ualcu/azo1ge",
            "bgType": "image",
            "bgImage": "https://static.wetab.link/user-custom-icon/zh/6422823aa28dd5b5fd7f7423/user-custom-icon1gsji63rpbvv6yabpf2eehubq9f.png",
            "bgColor": "",
            "type": "site",
            "origin": "online",
            "id": "icon-1gsji6472mlam8zz2xokt9qih22",
            "updateTime": 1690449532085,
            "total": 0,
            "lasttime": 0
        },
        {
            "name": "不忘初心 win",
            "target": "https://www.pc528.net/",
            "bgType": "image",
            "bgImage": "https://static.wetab.link/user-custom-icon/zh/6422823aa28dd5b5fd7f7423/user-custom-icon1gsji4509k0udm1ycf0uaq7s08o.png",
            "bgColor": "",
            "type": "site",
            "origin": "online",
            "id": "icon-1gsji4598wnhh9qozk2v99nqqkq",
            "updateTime": 1679988767235,
            "total": 1,
            "lasttime": 1745464470951
        },
        {
            "name": "在线工具",
            "target": "https://tool.lu",
            "bgType": "image",
            "bgImage": "https://static.wetab.link/user-custom-icon/zh/6422823aa28dd5b5fd7f7423/user-custom-icon1gsjjs4na15w6gpiig2jbv65u1o.png",
            "bgColor": "",
            "type": "site",
            "origin": "online",
            "id": "icon-1gsjjs4ud0hrc5iio8wj0qhrs27",
            "updateTime": 1679990592461,
            "total": 0,
            "lasttime": 0
        },
        {
            "name": "临时邮箱",
            "target": "http://24mail.chacuo.net/",
            "type": "site",
            "bgType": "image",
            "bgColor": "rgba(0, 0, 0, 0)",
            "bgImage": "https://infinityicon.infinitynewtab.com/usericon/7432cb50865730be43924ec0c2af23b0.png",
            "origin": "622af28e7c5d1e54a2d127cb",
            "id": "icon-1gslmn12es2aw811ej0o7vsp6ki",
            "updateTime": 1680060679246,
            "total": 0,
            "lasttime": 0
        },
        {
            "name": "无极磁链",
            "target": "https://0cili.net/",
            "bgType": "image",
            "bgImage": "https://static.wetab.link/user-custom-icon/zh/6422823aa28dd5b5fd7f7423/user-custom-icon1gsje4lil9mlavdy0has74se2d9.png",
            "bgColor": "",
            "type": "site",
            "origin": "upload",
            "id": "icon-1gsje4lob4i6s7qnssk4i8h8bww",
            "updateTime": 1679984580363,
            "total": 0,
            "lasttime": 0
        },
        {
            "name": "网易BUFF游戏饰品交易平台",
            "target": "https://buff.163.com/",
            "type": "site",
            "bgType": "image",
            "bgColor": "rgba(0, 0, 0, 0)",
            "bgImage": "https://infinitypro-img.infinitynewtab.com/custom-icon/9001ch8lgdrkdzukjehis0egntadw5.png",
            "origin": "630dd66058b016880e1b4ba6",
            "id": "icon-1gtvqskbdngindjf9zwh3kfzobb",
            "updateTime": 1681474343276,
            "total": 0,
            "lasttime": 0
        },
        {
            "name": "yorg.io",
            "target": "https://yorg.io/",
            "bgType": "image",
            "bgImage": "https://static.wetab.link/user-custom-icon/zh/6422823aa28dd5b5fd7f7423/user-custom-icon1guaga4qrm9s2nwsbklhm9vnnyv.png",
            "bgColor": "",
            "type": "site",
            "origin": "online",
            "id": "icon-1guaga51hckyehq1vzxymdmw8uv",
            "updateTime": 1681832350769,
            "total": 0,
            "lasttime": 0
        },
        {
            "name": "短网址",
            "target": "https://www.urlc.cn/user",
            "bgType": "image",
            "bgImage": "https://static.wetab.link/user-custom-icon/zh/6422823aa28dd5b5fd7f7423/user-custom-icon1h7u583i451qy6pb95hsqr3enbp.png",
            "bgColor": "",
            "type": "site",
            "origin": "online",
            "id": "icon-1h7u583oldemdahx0952g5twojb",
            "updateTime": 1692155514645,
            "total": 1,
            "lasttime": 1745464729785
        },
        {
            "name": "让我帮你百度",
            "target": "https://ffis.me/baidu/index.html",
            "bgType": "image",
            "bgImage": "https://static.wetab.link/user-custom-icon/zh/6422823aa28dd5b5fd7f7423/user-custom-icon1h7u5920o4426skp33lh0ltitf1.png",
            "bgColor": "",
            "type": "site",
            "origin": "online",
            "id": "icon-1h7u5923m40aggq7rk9y4iq6trd",
            "updateTime": 1693818142931,
            "total": 0,
            "lasttime": 0
        },
        {
            "name": "开发者搜索",
            "target": "https://kaifa.baidu.com/",
            "bgType": "image",
            "bgImage": "https://static.wetab.link/user-custom-icon/zh/6422823aa28dd5b5fd7f7423/user-custom-icon1h95dj88jtl94lzrmcjrhsx2ylt.png",
            "bgColor": "",
            "type": "site",
            "origin": "online",
            "id": "icon-1h95dj8eexxhueqv7c3znzpsxd6",
            "updateTime": 1693472891342,
            "total": 0,
            "lasttime": 0
        },
        {
            "name": "CSGO",
            "target": "http://www.csgo.com.cn/main.html",
            "type": "site",
            "bgType": "image",
            "bgColor": "rgba(0, 0, 0, 0)",
            "bgImage": "https://infinityicon.infinitynewtab.com/user-share-icon/5a77445427a2af9c5887ae8f23cf9dc1.png",
            "origin": "630dd65c58b016880e1b147d",
            "id": "icon-1gsln00khmputz9w4c4a3785p2b",
            "updateTime": 1680060973712,
            "total": 0,
            "lasttime": 0
        },
        {
            "name": "豆瓣",
            "target": "https://movie.douban.com/",
            "type": "site",
            "bgType": "image",
            "bgColor": "rgba(0, 0, 0, 0)",
            "bgImage": "https://infinityicon.infinitynewtab.com/user-share-icon/e9b0df13819c1029fdc4287a6a83bf6c.png",
            "origin": "online",
            "id": "icon-1gslmu911x6ecxrwrrqftutbuvz",
            "updateTime": 1724211574089,
            "total": 1,
            "lasttime": 1745462701318
        },
        {
            "name": "我不是盐神",
            "target": "https://onehu.xyz/",
            "bgType": "image",
            "bgImage": "https://static.wetab.link/user-custom-icon/zh/6422823aa28dd5b5fd7f7423/user-custom-icon1huukhntlgar3gqe7ynmaw5kmuj",
            "bgColor": "",
            "type": "site",
            "origin": "online",
            "id": "icon-1huukho42cttm82c7jjtxxhmofk",
            "updateTime": 1716867620994,
            "total": 0,
            "lasttime": 0
        },
        {
            "name": "盐神居",
            "target": "https://saltsgod.com/",
            "bgType": "image",
            "bgImage": "https://static.wetab.link/user-custom-icon/zh/6422823aa28dd5b5fd7f7423/user-custom-icon1huukjofvz0d3o1xqbmp3d3dhu6",
            "bgColor": "",
            "type": "site",
            "origin": "online",
            "id": "icon-1huukjoo1srg1tebiwg58uxy05z",
            "updateTime": 1716867687169,
            "total": 0,
            "lasttime": 0
        },
        {
            "name": "游戏下载",
            "target": "https://koyso.com/",
            "bgType": "image",
            "bgImage": "https://static.wetab.link/user-custom-icon/zh/6422823aa28dd5b5fd7f7423/user-custom-icon1huurek1odotrdgkoelit9h1arn",
            "bgColor": "",
            "type": "site",
            "origin": "online",
            "id": "icon-1huurekac0kddkqsfonesnmrfv2",
            "updateTime": 1723818044009,
            "total": 0,
            "lasttime": 0
        },
        {
            "name": "摸鱼小游戏",
            "target": "https://poki.com/zh",
            "bgType": "image",
            "bgImage": "https://static.wetab.link/user-custom-icon/zh/6422823aa28dd5b5fd7f7423/user-custom-icon1huurk8pe5x3nqvcto97ts8l9e3",
            "bgColor": "",
            "type": "site",
            "origin": "online",
            "id": "icon-1huurk918wbe02jbo3btenhzb60",
            "updateTime": 1716875043880,
            "total": 0,
            "lasttime": 0
        },
        {
            "name": "最右",
            "target": "https://www.izuiyou.com/",
            "bgType": "image",
            "bgImage": "https://static.wetab.link/user-custom-icon/zh/6422823aa28dd5b5fd7f7423/user-custom-icon1huv18ke9vdnbs1d8ufmgz7wf48",
            "bgColor": "",
            "type": "site",
            "origin": "online",
            "id": "icon-1huv18kkgd0drbibhsht8q0qq4i",
            "updateTime": 1716880954000,
            "total": 1,
            "lasttime": 1745462612885
        },
        {
            "name": "NGA",
            "target": "http://bbs.ngacn.cc/",
            "type": "site",
            "bgType": "image",
            "bgColor": "rgba(0, 0, 0, 0)",
            "bgImage": "https://infinityicon.infinitynewtab.com/user-share-icon/e25bbc512d3c0f05bede946070f33cbe.png",
            "origin": "622af28e7c5d1e54a2d12881",
            "id": "icon-1i0n6on0nqiz82za7r1wa1pk6sr",
            "updateTime": 1718765771799,
            "total": 1,
            "lasttime": 1745818355081
        },
        {
            "name": "老殁 | 殁漂遥 | 互联网分享精神，专注收藏分享 | shaoit新址Laomoit.com",
            "target": "https://mpyit.com",
            "type": "site",
            "bgType": "image",
            "bgColor": "",
            "bgImage": "https://static.wetab.link/user-custom-icon/zh/6422823aa28dd5b5fd7f7423/user-custom-icon1i4qrsp7kxtcqcvl3yukwqthonq",
            "origin": "online",
            "id": "icon-1gsjdi67rtro1yea730objhfqy0",
            "updateTime": 1723183555993,
            "total": 0,
            "lasttime": 0
        },
        {
            "name": "OpenEuler(linux)",
            "target": "https://www.openeuler.org/zh/learn/mooc/detail/",
            "bgType": "image",
            "bgImage": "https://static.wetab.link/user-custom-icon/zh/6422823aa28dd5b5fd7f7423/user-custom-icon1i1ecb0c7om8yj8jkqnwencu8ve",
            "bgColor": "",
            "type": "site",
            "origin": "online",
            "id": "icon-1i1ecb0puuukz2cihhm41nicghw",
            "updateTime": 1719543366462,
            "total": 0,
            "lasttime": 0
        },
        {
            "name": "大侠阿木一加ROM",
            "target": "https://yun.daxiaamu.com/OnePlus_Roms/",
            "bgType": "image",
            "bgImage": "https://static.wetab.link/user-custom-icon/zh/6422823aa28dd5b5fd7f7423/user-custom-icon1i40obu1103e2ogmpgkn6ksy6d7",
            "bgColor": "",
            "type": "site",
            "origin": "online",
            "id": "icon-1i40obu7uphn1tqdb0gu3bylii9",
            "updateTime": 1722307442942,
            "total": 1,
            "lasttime": 1745462433047
        },
        {
            "name": "天涯论坛",
            "target": "https://www.tianya.net.cn/",
            "type": "site",
            "bgType": "image",
            "bgColor": "rgba(0, 0, 0, 0)",
            "bgImage": "https://infinitypro-img.infinitynewtab.com/custom-icon/8001cqim6eq21qh1iyf16mvkhe457z.png",
            "origin": "online",
            "id": "icon-1i4l757o9pucm4vkowiado8j3h0",
            "updateTime": 1722994053801,
            "total": 0,
            "lasttime": 0
        },
        {
            "name": "豆包AI",
            "target": "https://www.doubao.com/chat/",
            "bgType": "image",
            "bgImage": "https://static.wetab.link/user-custom-icon/zh/6422823aa28dd5b5fd7f7423/user-custom-icon1i4lmpsiv5321rf8153e6q9g5py",
            "bgColor": "",
            "type": "site",
            "origin": "online",
            "id": "icon-1i4lmpsq3h88tbpqus4omyr1izh",
            "updateTime": 1723010456413,
            "total": 0,
            "lasttime": 0
        },
        {
            "name": "音范丝",
            "target": "https://www.yinfans.me/",
            "bgType": "image",
            "bgImage": "https://static.wetab.link/user-custom-icon/zh/6422823aa28dd5b5fd7f7423/user-custom-icon1i4o0edsf3waeql8ox5suvup4yq",
            "bgColor": "",
            "type": "site",
            "origin": "online",
            "id": "icon-1i4o0ee5vrana4iogr5g8szmxmw",
            "updateTime": 1723087665343,
            "total": 1,
            "lasttime": 1745462517674
        },
        {
            "name": "Steam",
            "target": "https://store.steampowered.com/",
            "bgType": "image",
            "bgImage": "https://static.wetab.link/user-custom-icon/zh/6422823aa28dd5b5fd7f7423/user-custom-icon1i4r5emj93ayokagcg278ran03v",
            "bgColor": "",
            "type": "site",
            "origin": "online",
            "id": "icon-1i4r5emqcdj7dhcfrephk2lssxy",
            "updateTime": 1723193580364,
            "total": 0,
            "lasttime": 0
        },
        {
            "name": "AI工具",
            "target": "https://chat.tinycms.xyz:3002/",
            "bgType": "color",
            "bgImage": "",
            "bgColor": "rgba(109, 131, 95, 1)",
            "type": "site",
            "bgText": "AI",
            "origin": "color",
            "id": "icon-1i6bt0ffi7rju5f09ks64xytr0l",
            "updateTime": 1724828892658,
            "total": 0,
            "lasttime": 0
        },
        {
            "name": "GBT游戏",
            "target": "http://gbtgame.ysepan.com/",
            "bgType": "image",
            "bgImage": "https://static.wetab.link/user-custom-icon/zh/6422823aa28dd5b5fd7f7423/user-custom-icon1i57rcq489ro0yfymk9qfu2jk3b",
            "bgColor": "",
            "type": "site",
            "origin": "online",
            "id": "icon-1i57rcq9k6adu8gjqluyb1dh41x",
            "updateTime": 1723619240244,
            "total": 0,
            "lasttime": 0
        },
        {
            "name": "米哈社",
            "target": "https://www.scyo123p8191.com/",
            "bgType": "image",
            "bgImage": "https://static.wetab.link/user-custom-icon/zh/6422823aa28dd5b5fd7f7423/user-custom-icon1i6puklfsyrugambz12f7otmvn8",
            "bgColor": "",
            "type": "site",
            "origin": "online",
            "id": "icon-1i6pukloijpckbkdsdxhb98xnfu",
            "updateTime": 1725300365074,
            "total": 0,
            "lasttime": 0
        },
        {
            "name": "果核音乐",
            "target": "https://ghyinyue.com/",
            "bgType": "color",
            "bgImage": "",
            "bgColor": "rgba(118, 33, 249, 1)",
            "type": "site",
            "bgText": "果核音乐",
            "origin": "color",
            "id": "icon-1i9bkrt741xi7bs5mocgt1xfzoa",
            "updateTime": 1728041579748,
            "total": 0,
            "lasttime": 0
        },
        {
            "name": "",
            "target": "https://www.twitch.tv/",
            "bgType": "image",
            "bgImage": "https://static.wetab.link/user-custom-icon/zh/6422823aa28dd5b5fd7f7423/user-custom-icon1if6pkubsbwv8q28f194cj2a2mp",
            "bgColor": "",
            "type": "site",
            "origin": "online",
            "id": "icon-1if6pkuhs6vpfko7aq4x4w7t9gy",
            "updateTime": 1734321273404,
            "total": 0,
            "lasttime": 0
        },
        {
            "name": "爱搜(盘搜)",
            "target": "https://www.esoua.com/",
            "bgType": "image",
            "bgImage": "https://static.wetab.link/user-custom-icon/zh/6422823aa28dd5b5fd7f7423/user-custom-icon1iicn6ie9t48dlpuuk3rdiz57gc",
            "bgColor": "",
            "type": "site",
            "origin": "online",
            "id": "icon-1iicn6lah5lhfyxlmx3sgqcxstm",
            "updateTime": 1737741260113,
            "total": 0,
            "lasttime": 0
        },
        {
            "name": "小黑盒社区",
            "target": "https://www.xiaoheihe.cn/app/bbs/home",
            "bgType": "image",
            "bgImage": "https://static.wetab.link/user-custom-icon/zh/6422823aa28dd5b5fd7f7423/user-custom-icon1ilj2llvi6yawrputycng0e166t",
            "bgColor": "",
            "type": "site",
            "origin": "online",
            "id": "icon-1ilj2lmjgl8xfsv3nsju0gycyr8",
            "updateTime": 1741175839344,
            "total": 0,
            "lasttime": 0
        },
        {
            "name": "奈飞影视",
            "target": "https://www.netflixgc.com/",
            "bgType": "image",
            "bgImage": "https://static.wetab.link/user-custom-icon/zh/6422823aa28dd5b5fd7f7423/user-custom-icon1ilo8vdhuu2k29fipcsu3ssocx9",
            "bgColor": "",
            "type": "site",
            "origin": "online",
            "id": "icon-1ilo8vgi5rilvl1qut674qwcnwl",
            "updateTime": 1741350224453,
            "total": 0,
            "lasttime": 0
        },
        {
            "name": "小艺",
            "target": "https://xiaoyi.huawei.com/chat/",
            "bgType": "image",
            "bgImage": "https://static.wetab.link/user-custom-icon/zh/68087f5ca858587674d9a8db/user-custom-icon1ipj8j81vu96yo5haj8o6ryeqf3",
            "bgColor": "",
            "type": "site",
            "origin": "online",
            "id": "icon-1ipj8j9hcj3aatgs81n74lendzl",
            "updateTime": 1745477019180,
            "total": 1,
            "lasttime": 1745828093453
        },
        {
            "name": "3DM软件",
            "target": "https://soft.3dmgame.com/",
            "bgType": "image",
            "bgImage": "https://static.wetab.link/user-custom-icon/zh/68087f5ca858587674d9a8db/user-custom-icon1iptf8creb74p7o96r35uetq1jp",
            "bgColor": "",
            "type": "site",
            "origin": "online",
            "id": "icon-1iptf8fc352ibz69zbpqfxv6w70",
            "updateTime": 1745819549059,
            "total": 0,
            "lasttime": 0
        }
    ]
},
{
    "id": "category-1gsje96oak9pc25gnepxn7hd47n",
    "iconClass": "icon-dili",
    "name": "网络",
    "updateTime": 1723626701966,
    "children": [
        {
            "name": "Outlook",
            "target": "https://outlook.live.com/",
            "type": "site",
            "bgType": "image",
            "bgColor": "",
            "bgImage": "https://static.wetab.link/user-custom-icon/zh/6422823aa28dd5b5fd7f7423/user-custom-icon1i582ggu5j4yuwfpxezatk38v7x",
            "origin": "online",
            "id": "icon-1i582e8perrhv93wtc1kph7kd8y",
            "updateTime": 1723626701966,
            "total": 1,
            "lasttime": 1745805559035
        },
        {
            "name": "2925无限邮",
            "target": "https://www.2925.com/",
            "bgType": "image",
            "bgImage": "https://static.wetab.link/user-custom-icon/zh/6422823aa28dd5b5fd7f7423/user-custom-icon1i4gjbp80ms1ypqowke26t5xg53",
            "bgColor": "",
            "type": "site",
            "origin": "online",
            "id": "icon-1i4gjbpdd7x1moowy5zs4tvw7et",
            "updateTime": 1722839066029,
            "total": 0,
            "lasttime": 0
        },
        {
            "name": "123云盘",
            "target": "https://www.123pan.com/",
            "bgType": "image",
            "bgImage": "https://static.wetab.link/user-custom-icon/zh/6422823aa28dd5b5fd7f7423/user-custom-icon1i2vm4je4f5z6um1bjxeqedxyhf",
            "bgColor": "",
            "type": "site",
            "origin": "online",
            "id": "icon-1i2vm4jk8e4oibh00ygyby28yyb",
            "updateTime": 1721197809288,
            "total": 0,
            "lasttime": 0
        },
        {
            "name": "阿里云盘",
            "target": "http://www.aliyundrive.com/drive/",
            "type": "site",
            "bgType": "image",
            "bgColor": "rgba(0, 0, 0, 0)",
            "bgImage": "https://infinitypro-img.infinitynewtab.com/custom-icon/8001fdcavf4bmsxf1gktk8o8ep7als.png",
            "origin": "630dd66658b016880e1b97d9",
            "id": "icon-1gsjd4au4by3a5z08sfl5hy8jav",
            "updateTime": 1679983520708,
            "total": 0,
            "lasttime": 0
        },
        {
            "name": "百度网盘，让美好永远陪伴百度云盘",
            "target": "https://pan.baidu.com/",
            "type": "site",
            "bgType": "image",
            "bgColor": "rgba(0, 0, 0, 0)",
            "bgImage": "https://infinitypro-img.infinitynewtab.com/custom-icon/9001cgq7s988m9vqbv91litp31mups.png",
            "origin": "630dd66058b016880e1b4a45",
            "id": "icon-1gsjd4i0bzsby6qcinj0vvzx0kg",
            "updateTime": 1679983527947,
            "total": 0,
            "lasttime": 0
        },
        {
            "name": "花瓣邮箱",
            "target": "https://www.petalmail.com/",
            "bgType": "image",
            "bgImage": "https://static.wetab.link/user-custom-icon/zh/6422823aa28dd5b5fd7f7423/user-custom-icon1gsjdm7o3kg2u35p4ipqune3cxh.png",
            "bgColor": "",
            "type": "site",
            "bgText": "",
            "origin": "upload",
            "id": "icon-1gsjdk4ndafxinkruofgfqr8wcn",
            "updateTime": 1679984107537,
            "total": 0,
            "lasttime": 0
        },
        {
            "name": "163邮箱",
            "target": "http://mail.163.com/",
            "type": "site",
            "bgType": "image",
            "bgColor": "rgba(0, 0, 0, 0)",
            "bgImage": "https://infinityicon.infinitynewtab.com/user-share-icon/e783a83edc8c4f2c1d96a8dec0a32870.png",
            "origin": "622af28e7c5d1e54a2d12712",
            "id": "icon-1gsjd996r9qye3sr6nqnlywya9e",
            "updateTime": 1679983682779,
            "total": 0,
            "lasttime": 0
        },
        {
            "name": "QQ邮箱",
            "target": "https://mail.qq.com",
            "type": "site",
            "bgType": "image",
            "bgColor": "rgba(0, 0, 0, 0)",
            "bgImage": "https://infinityicon.infinitynewtab.com/user-share-icon/3a9abce9ff5c6d6f6fa07c3eb60a2805.png",
            "origin": "622af28e7c5d1e54a2d12c8d",
            "id": "icon-1gsjd3qtc6lkcwtezlhmkidrnp6",
            "updateTime": 1679983504300,
            "total": 0,
            "lasttime": 0
        },
        {
            "name": "夸克云盘",
            "target": "https://pan.quark.cn/",
            "bgType": "image",
            "bgImage": "https://static.wetab.link/user-custom-icon/zh/6422823aa28dd5b5fd7f7423/user-custom-icon1gsjd6ssu3lpy4a8r2e6pdwsbdf.png",
            "bgColor": "",
            "type": "site",
            "origin": "online",
            "id": "icon-1gsjd6t6bgewacymdezrxht9x65",
            "updateTime": 1679983604939,
            "total": 0,
            "lasttime": 0
        },
        {
            "name": "蓝奏云",
            "target": "http://pan.lanzou.com/",
            "type": "site",
            "bgType": "image",
            "bgColor": "rgba(0, 0, 0, 0)",
            "bgImage": "https://infinitypro-img.infinitynewtab.com/custom-icon/9001c52r6mcr2ispup8iisawgoytyy.png",
            "origin": "630dd65c58b016880e1b1e1a",
            "id": "icon-1gsjdpeijifw3uyz9bsbyetec0r",
            "updateTime": 1679984212563,
            "total": 1,
            "lasttime": 1745730929437
        },
        {
            "name": "天翼云盘",
            "target": "https://cloud.189.cn/main.action#security/folder/81301310433751218",
            "type": "site",
            "bgType": "image",
            "bgColor": "rgba(0, 0, 0, 0)",
            "bgImage": "https://infinitypro-img.infinitynewtab.com/custom-icon/8001ecmgaud32zmals3fxfnv04lozs.png",
            "origin": "630dd66458b016880e1b87b6",
            "id": "icon-1gsjhpuu0gywc87qsvxdb10ztzl",
            "updateTime": 1679988423616,
            "total": 0,
            "lasttime": 0
        },
        {
            "name": "华为云空间",
            "target": "https://cloud.huawei.com/home#/",
            "type": "site",
            "bgType": "image",
            "bgColor": "rgba(0, 0, 0, 0)",
            "bgImage": "https://infinitypro-img.infinitynewtab.com/custom-icon/9001c928r6c4i9l2jyht7hqce47mfx.png",
            "origin": "630dd65e58b016880e1b3784",
            "id": "icon-1gsjdbt9bemeqy1hbs9eh30c6cj",
            "updateTime": 1679983768875,
            "total": 0,
            "lasttime": 0
        },
        {
            "name": "Greasy",
            "target": "https://greasyfork.org/zh-CN",
            "type": "site",
            "bgType": "image",
            "bgColor": "rgba(0, 0, 0, 0)",
            "bgImage": "https://infinityicon.infinitynewtab.com/usericon/43292772a9c7f4a13da9ce0e6f65e8e2.png",
            "origin": "622af28e7c5d1e54a2d12c15",
            "id": "icon-1gsjdd38jkqit0lwasa3cwk39nm",
            "updateTime": 1679983807763,
            "total": 0,
            "lasttime": 0
        },
        {
            "name": "GitHub",
            "target": "https://github.com/",
            "type": "site",
            "bgType": "image",
            "bgColor": "rgba(0, 0, 0, 0)",
            "bgImage": "https://infinityicon.infinitynewtab.com/user-share-icon/9fc01537e35ecf0a71416840097949cc.png",
            "origin": "630dd65b58b016880e1b0f6e",
            "id": "icon-1gsjgd3p4xxmqrvwafkitl7luwi",
            "updateTime": 1679986954020,
            "total": 0,
            "lasttime": 0
        },
        {
            "name": "Gitee",
            "target": "https://gitee.com/CraiGZed/events",
            "type": "site",
            "bgType": "image",
            "bgColor": "rgba(0, 0, 0, 0)",
            "bgImage": "https://infinitypro-img.infinitynewtab.com/custom-icon/9001c41ga7v03ofj4hragfagkmh3mj.png",
            "origin": "630dd65d58b016880e1b2843",
            "id": "icon-1gsjd85kbzk20svsls9blucu7hk",
            "updateTime": 1679983646347,
            "total": 0,
            "lasttime": 0
        },
        {
            "name": "CSDN",
            "target": "http://www.csdn.net/",
            "type": "site",
            "bgType": "image",
            "bgColor": "rgba(0, 0, 0, 0)",
            "bgImage": "https://infinityicon.infinitynewtab.com/user-share-icon/226d9bd6e7176a22d1696d751947a178.png",
            "origin": "622af28e7c5d1e54a2d129cd",
            "id": "icon-1gsjddqtbv70jfrg30z8omgtd64",
            "updateTime": 1679983831979,
            "total": 0,
            "lasttime": 0
        },
        {
            "name": "菜鸟教程",
            "target": "http://www.runoob.com/",
            "type": "site",
            "bgType": "image",
            "bgColor": "rgba(0, 0, 0, 0)",
            "bgImage": "https://infinitypro-img.infinitynewtab.com/custom-icon/9001c8fjcaa0luzorw1imuccxe8i1v.png",
            "origin": "630dd65d58b016880e1b2d31",
            "id": "icon-1gsjdg3fb39xjxd981sr83yzdrv",
            "updateTime": 1679983906283,
            "total": 0,
            "lasttime": 0
        },
        {
            "name": "幕布",
            "target": "https://mubu.com/list",
            "type": "site",
            "bgType": "image",
            "bgColor": "rgba(0, 0, 0, 0)",
            "bgImage": "https://infinityicon.infinitynewtab.com/user-share-icon/b1db5301541992c66ba0f1c87ca035fa.png",
            "origin": "630dd65c58b016880e1b12f1",
            "id": "icon-1gsjd7efbxq2vealt4rgsdnre41",
            "updateTime": 1679983622635,
            "total": 0,
            "lasttime": 0
        },
        {
            "name": "墨刀",
            "target": "https://modao.cc/workspace/apps",
            "type": "site",
            "bgType": "image",
            "bgColor": "rgba(0, 0, 0, 0)",
            "bgImage": "https://infinityicon.infinitynewtab.com/user-share-icon/71065c9d742ecf2411cb0b4f7b776524.png",
            "origin": "630dd65c58b016880e1b14be",
            "id": "icon-1gsjdeekbnql7d811paaczahxlz",
            "updateTime": 1679983852171,
            "total": 0,
            "lasttime": 0
        },
        {
            "name": "GooglePlay",
            "target": "https://Play.Google.com",
            "type": "site",
            "bgType": "image",
            "bgColor": "rgba(0, 0, 0, 0)",
            "bgImage": "https://infinityicon.infinitynewtab.com/user-share-icon/d93b6646c66b6d2b80076a23c91e1953.png",
            "origin": "630dd65b58b016880e1b0aec",
            "id": "icon-1huuja53p54pht8lj6jpymmfugx",
            "updateTime": 1716866323577,
            "total": 0,
            "lasttime": 0
        },
        {
            "name": "百家姓",
            "target": "https://fuliba2024.net/anhao.html",
            "bgType": "image",
            "bgImage": "https://static.wetab.link/user-custom-icon/zh/6422823aa28dd5b5fd7f7423/user-custom-icon1hus292sk30fft2fkgm5cv03ecr",
            "bgColor": "",
            "type": "site",
            "origin": "online",
            "id": "icon-1hb1q7bev801xt1emb30r0cgntf",
            "updateTime": 1716781354103,
            "total": 0,
            "lasttime": 0
        },
        {
            "name": "Ubuntu中文论坛",
            "target": "http://forum.ubuntu.org.cn/",
            "type": "site",
            "bgType": "image",
            "bgColor": "rgba(0, 0, 0, 0)",
            "bgImage": "https://infinityicon.infinitynewtab.com/usericon/34f6e9f7c964e832e75ec1242e116dc6.png",
            "origin": "622af28e7c5d1e54a2d1299d",
            "id": "icon-1huuj89e91bddl11fuhf9kqyvcb",
            "updateTime": 1716866262473,
            "total": 0,
            "lasttime": 0
        },
        {
            "name": "12306",
            "target": "https://kyfw.12306.cn/otn/login/init",
            "type": "site",
            "bgType": "image",
            "bgColor": "rgba(0, 0, 0, 0)",
            "bgImage": "https://infinityicon.infinitynewtab.com/user-share-icon/20f8d9d9ca5b64f6cbe90e1c1a97ef0c.png",
            "origin": "630dd65b58b016880e1b0ae4",
            "id": "icon-1huujae27z51yet0u1vyfroql0m",
            "updateTime": 1716866332743,
            "total": 0,
            "lasttime": 0
        },
        {
            "name": "126邮箱",
            "target": "http://www.126.com",
            "type": "site",
            "bgType": "image",
            "bgColor": "rgba(0, 0, 0, 0)",
            "bgImage": "https://infinityicon.infinitynewtab.com/user-share-icon/91e1d4610d456e1a7fec4e81cbb30f11.png",
            "origin": "622af28e7c5d1e54a2d12b2d",
            "id": "icon-1i3uitk6esm9h0o9ltwjpa5wnq2",
            "updateTime": 1722234622157,
            "total": 0,
            "lasttime": 0
        },
        {
            "name": "软件开源替代",
            "target": "https://openalternative.co/",
            "bgType": "color",
            "bgImage": "",
            "bgColor": "rgba(56, 100, 255, 1)",
            "type": "site",
            "bgText": "替代",
            "origin": "color",
            "id": "icon-1i4o016oq04beb12i1vjhyi4r64",
            "updateTime": 1723087231770,
            "total": 1,
            "lasttime": 1745464839425
        }
    ]
},
{
    "id": "category-1gsjg48qsnyg581gn9n1k9t5os2",
    "iconClass": "icon-gongju",
    "name": "工具",
    "updateTime": 1737739878604,
    "children": [
        {
            "name": "腾讯交互翻译",
            "target": "https://transmart.qq.com",
            "bgType": "image",
            "bgImage": "https://static.wetab.link/user-custom-icon/zh/6422823aa28dd5b5fd7f7423/user-custom-icon1gsjghe2opnm8yw7fkl5oomx5mo.png",
            "bgColor": "",
            "type": "site",
            "origin": "upload",
            "id": "icon-1gsjghea4ls14jk5nv1ks8b96ji",
            "updateTime": 1679987095876,
            "total": 0,
            "lasttime": 0
        },
        {
            "name": "有道翻译",
            "target": "http://fanyi.youdao.com/?keyfrom=fanyi-new.logo",
            "type": "site",
            "bgType": "image",
            "bgColor": "rgba(0, 0, 0, 0)",
            "bgImage": "https://infinityicon.infinitynewtab.com/user-share-icon/adbbb4ad604a31261e84dc37a50c0086.png",
            "origin": "630dd65c58b016880e1b12f5",
            "id": "icon-1gsjd7agc4pe13dr9cqoohpdut3",
            "updateTime": 1679983618572,
            "total": 0,
            "lasttime": 0
        },
        {
            "name": "极简壁纸_极致严选高清电脑桌面壁纸美图4k_最潮桌面壁纸网站",
            "target": "https://bz.zzzmh.cn/",
            "type": "site",
            "bgType": "image",
            "bgColor": "rgba(0, 0, 0, 0)",
            "bgImage": "https://infinitypro-img.infinitynewtab.com/custom-icon/8001d0mblsb2j7agtzle3vb5ctf2z8.png",
            "origin": "630dd66558b016880e1b8ed3",
            "id": "icon-1gsjdmtn3fjcu7h35uaa8mx8ob0",
            "updateTime": 1679984129763,
            "total": 1,
            "lasttime": 1745463693143
        },
        {
            "name": "Play Store",
            "target": "https://play.google.com/store/apps",
            "type": "site",
            "bgType": "image",
            "bgColor": "rgba(0, 0, 0, 0)",
            "bgImage": "https://infinitypro-img.infinitynewtab.com/custom-icon/8001dqa8h4sjo82489zxm0hogoxsbh.png",
            "origin": "630dd66558b016880e1b90b8",
            "id": "icon-1gsjdh6abgfi8r6euge6mcmo5vx",
            "updateTime": 1679983941963,
            "total": 0,
            "lasttime": 0
        },
        {
            "name": "423Down",
            "target": "http://www.423down.com/",
            "type": "site",
            "bgType": "image",
            "bgColor": "rgba(0, 0, 0, 0)",
            "bgImage": "https://infinitypro-img.infinitynewtab.com/custom-icon/9001ci4q9cut9s1wgtk3yvr9af3vxg.png",
            "origin": "630dd66058b016880e1b460e",
            "id": "icon-1gsjdp4sb9ch7jh77fuz8v3mciu",
            "updateTime": 1679984202635,
            "total": 0,
            "lasttime": 0
        },
        {
            "name": "开源中国",
            "target": "http://www.oschina.net/",
            "type": "site",
            "bgType": "image",
            "bgColor": "rgba(0, 0, 0, 0)",
            "bgImage": "https://infinityicon.infinitynewtab.com/user-share-icon/8059449523d434fc2b5a60f0aba0670c.png",
            "origin": "622af28e7c5d1e54a2d12b55",
            "id": "icon-1gsjdgm8b9eh5v47pxwofqqmrqa",
            "updateTime": 1679983925515,
            "total": 0,
            "lasttime": 0
        },
        {
            "name": "正版中国 | 正版软件限时免费",
            "target": "https://getitfree.cn/",
            "type": "site",
            "bgType": "image",
            "bgColor": "rgba(0, 0, 0, 0)",
            "bgImage": "https://infinitypro-img.infinitynewtab.com/custom-icon/9001cbb7h4dqss00ykgaxpntn72bcg.png",
            "origin": "630dd65e58b016880e1b2f02",
            "id": "icon-1gsjdooorra08f726bf39jcnuo0",
            "updateTime": 1679984190235,
            "total": 0,
            "lasttime": 0
        },
        {
            "name": "异星软件空间",
            "target": "http://yx.bsh.me/",
            "type": "site",
            "bgType": "image",
            "bgColor": "rgba(0, 0, 0, 0)",
            "bgImage": "https://infinitypro-img.infinitynewtab.com/custom-icon/8001cuata7g61oshw8ut0odnfyc8gz.png",
            "origin": "630dd66458b016880e1b813c",
            "id": "icon-1gsjdo7jbpubc4ifk0iodor11e5",
            "updateTime": 1679984172651,
            "total": 0,
            "lasttime": 0
        },
        {
            "name": "BitTorrent трекер RuTrac",
            "target": "http://rutracker.org/forum/index.php",
            "type": "site",
            "bgType": "image",
            "bgColor": "rgba(0, 0, 0, 0)",
            "bgImage": "https://infinityicon.infinitynewtab.com/usericon/89888ceee201b564e4bef592d07fb3f5.png",
            "origin": "622af28e7c5d1e54a2d12b48",
            "id": "icon-1gsjdnjnrmhh6g2le1xaz72qwjk",
            "updateTime": 1679984152315,
            "total": 0,
            "lasttime": 0
        },
        {
            "name": "9damaogames",
            "target": "http://www.9dmsgame.net/",
            "bgType": "image",
            "bgImage": "https://static.wetab.link/user-custom-icon/zh/6422823aa28dd5b5fd7f7423/user-custom-icon1gsje0trkouqgbpu8zkpmu1vb78.png",
            "bgColor": "",
            "type": "site",
            "origin": "online",
            "id": "icon-1gsje0uaomye0y1oy63zqg9p8nt",
            "updateTime": 1723606728008,
            "total": 0,
            "lasttime": 0
        },
        {
            "name": "Jiumo Search 鸠摩搜索 ",
            "target": "https://www.jiumodiary.com/",
            "type": "site",
            "bgType": "image",
            "bgColor": "rgba(0, 0, 0, 0)",
            "bgImage": "https://infinitypro-img.infinitynewtab.com/custom-icon/8001dnme2ti6ocz67e3sr36ympj07b.png",
            "origin": "630dd66558b016880e1b8fee",
            "id": "icon-1gsjdfm1ch7qtn4dlbnb7wjkeq6",
            "updateTime": 1679983892524,
            "total": 0,
            "lasttime": 0
        },
        {
            "name": "问答库",
            "target": "https://www.asklib.com/",
            "type": "site",
            "bgType": "image",
            "bgColor": "rgba(0, 0, 0, 0)",
            "bgImage": "https://infinitypro-img.infinitynewtab.com/custom-icon/8001e9l32p6edomurapie7zsarhpl5.png",
            "origin": "630dd66458b016880e1b8645",
            "id": "icon-1gsjdog3jdoh6366h27l0up9c7g",
            "updateTime": 1679984181363,
            "total": 0,
            "lasttime": 0
        },
        {
            "name": "Instagram",
            "target": "https://www.instagram.com/",
            "type": "site",
            "bgType": "image",
            "bgColor": "rgba(0, 0, 0, 0)",
            "bgImage": "https://infinitypro-img.infinitynewtab.com/custom-icon/9001c11bn1d4l4zc8l46jum7hvg9kv.png",
            "origin": "630dd65b58b016880e1b11cb",
            "id": "icon-1gsjds8pjod1kjti9d15pjoek2i",
            "updateTime": 1679984304947,
            "total": 0,
            "lasttime": 0
        },
        {
            "name": "80s电影网 - 高清手机电影迅雷下载_最新MP4电视剧磁力下载",
            "target": "http://www.80s.tw/",
            "type": "site",
            "bgType": "image",
            "bgColor": "rgba(0, 0, 0, 0)",
            "bgImage": "https://infinityicon.infinitynewtab.com/user-share-icon/d4564fdc5122eebf6af8b370109473a2.png",
            "origin": "630dd65c58b016880e1b157e",
            "id": "icon-1gsjdqeg3cxcqby6divytxsql4t",
            "updateTime": 1679984245251,
            "total": 0,
            "lasttime": 0
        },
        {
            "name": "WallpapersCraft",
            "target": "https://wallpaperscraft.com/",
            "type": "site",
            "bgType": "image",
            "bgColor": "rgba(0, 0, 0, 0)",
            "bgImage": "https://infinityicon.infinitynewtab.com/user-share-icon/db7cacaa15ac82cb09ad773311e91488.png",
            "origin": "630dd65b58b016880e1b0d2d",
            "id": "icon-1gsjdutej3pmuuoxt6h042afq8n",
            "updateTime": 1679984391635,
            "total": 0,
            "lasttime": 0
        },
        {
            "name": "专注于Win7",
            "target": "https://www.newxitong.com/",
            "type": "site",
            "bgType": "image",
            "bgColor": "",
            "bgImage": "https://static.wetab.link/user-custom-icon/zh/6422823aa28dd5b5fd7f7423/user-custom-icon1hcc216cmw3by4j5x4iaw4kb5lg.png",
            "origin": "online",
            "id": "icon-1gsjhqu68vs86rjbp14v9twu7do",
            "updateTime": 1696916872116,
            "total": 0,
            "lasttime": 0
        },
        {
            "name": "果核剥壳",
            "target": "https://www.ghxi.com/?utm_source=wetab",
            "type": "site",
            "bgType": "image",
            "bgColor": "rgba(0, 0, 0, 0)",
            "bgImage": "https://infinityicon.infinitynewtab.com/icon/ghxi_1677135775783.png",
            "origin": "63f7121c3969b024ecdfe2f6",
            "id": "icon-1gsji298bqqblgl4gm8oaxhkhz0",
            "updateTime": 1679988696331,
            "total": 0,
            "lasttime": 0
        },
        {
            "name": "蓝鲨",
            "target": "https://www.lsapk.com",
            "bgType": "image",
            "bgImage": "https://static.wetab.link/user-custom-icon/zh/6422823aa28dd5b5fd7f7423/user-custom-icon1i57ggddew9dywf6yvo2c37vk4c",
            "bgColor": "",
            "type": "site",
            "bgText": "蓝鲨",
            "origin": "online",
            "id": "icon-1gsjjpkg8f94prg0p3o2btyzmx1",
            "updateTime": 1723607823950,
            "total": 0,
            "lasttime": 0
        },
        {
            "name": "世界各国网址大全-国家分类",
            "target": "http://www.world68.com/country.asp",
            "type": "site",
            "bgType": "image",
            "bgColor": "rgba(0, 0, 0, 0)",
            "bgImage": "https://infinitypro-img.infinitynewtab.com/custom-icon/8001dortbhdmkv1nzxny4ii3a7ahu7.png",
            "origin": "630dd66558b016880e1b89f5",
            "id": "icon-1gsjjqvtqnbpns65b2iv7f9kjw9",
            "updateTime": 1679990554554,
            "total": 0,
            "lasttime": 0
        },
        {
            "name": "SteamDB",
            "target": "https://steamdb.info/upcoming/free/",
            "type": "site",
            "bgType": "image",
            "bgColor": "rgba(0, 0, 0, 0)",
            "bgImage": "https://infinitypro-img.infinitynewtab.com/custom-icon/8001e5tk9blvjtdfgykt33yejreht4.png",
            "origin": "630dd66558b016880e1b8c2e",
            "id": "icon-1gsjdpp1rt8ws4olq3rcmrkfw2j",
            "updateTime": 1679984223291,
            "total": 0,
            "lasttime": 0
        },
        {
            "name": "奶牛快传",
            "target": "https://www.cowtransfer.com/utms/59abde444f424d1bbbc5b4bb3dcac3a3",
            "type": "site",
            "bgType": "image",
            "bgColor": "rgba(0, 0, 0, 0)",
            "bgImage": "https://infinityicon.infinitynewtab.com/icon/1676018054796.png",
            "origin": "63e609594da0b2b1235c2d0d",
            "id": "icon-1gsln25a8p2ta73bm2r0cgi8smi",
            "updateTime": 1680061044040,
            "total": 0,
            "lasttime": 0
        },
        {
            "name": "书签地球",
            "target": "https://www.bookmarkearth.cn/",
            "type": "site",
            "bgType": "image",
            "bgColor": "rgba(0, 0, 0, 0)",
            "bgImage": "https://infinitypro-img.infinitynewtab.com/custom-icon/8001egfepskmfc35wgths0cgxta4yc.png",
            "origin": "online",
            "id": "icon-1gsjjsocghxytar5qvd581tv2fn",
            "updateTime": 1723607894822,
            "total": 0,
            "lasttime": 0
        },
        {
            "name": "Spotify Web Player",
            "target": "https://open.spotify.com/browse",
            "type": "site",
            "bgType": "image",
            "bgColor": "rgba(0, 0, 0, 0)",
            "bgImage": "https://infinitypro-img.infinitynewtab.com/custom-icon/9001c3slltp2lhw6av0043jf74vxp5.png",
            "origin": "630dd65d58b016880e1b2787",
            "id": "icon-1gsjdrnqjqia0hlqx9g3txgi5uh",
            "updateTime": 1679984287571,
            "total": 0,
            "lasttime": 0
        },
        {
            "name": "雨滴美化社区|Rainmeter",
            "target": "https://bbs.rainmeter.cn/forum.php",
            "type": "site",
            "bgType": "image",
            "bgColor": "rgba(0, 0, 0, 0)",
            "bgImage": "https://infinitypro-img.infinitynewtab.com/custom-icon/9001c5lh2j11uhi5gpvfqjov4hfbhx.png",
            "origin": "630dd65d58b016880e1b22c5",
            "id": "icon-1gsjdrdrbsro2trwslgyv3se81o",
            "updateTime": 1679984277355,
            "total": 0,
            "lasttime": 0
        },
        {
            "name": "致美化",
            "target": "http://zhutix.com/",
            "type": "site",
            "bgType": "image",
            "bgColor": "",
            "bgImage": "https://static.wetab.link/user-custom-icon/zh/6422823aa28dd5b5fd7f7423/user-custom-icon1gsjgs89r8yl1db989tcva83xhv.png",
            "origin": "online",
            "id": "icon-1gsjdr0k3keicjtij598l3ew299",
            "updateTime": 1679987450557,
            "total": 0,
            "lasttime": 0
        },
        {
            "name": "酷安网",
            "target": "http://www.coolapk.com/",
            "type": "site",
            "bgType": "image",
            "bgColor": "rgba(0, 0, 0, 0)",
            "bgImage": "https://infinityicon.infinitynewtab.com/user-share-icon/59805ef5d433ee5c042d31008b031123.png",
            "origin": "622af28e7c5d1e54a2d12c21",
            "id": "icon-1gslmlgmhb6nb1vybrytss34v4b",
            "updateTime": 1680060629713,
            "total": 0,
            "lasttime": 0
        },
        {
            "name": "绿色软件联盟",
            "target": "http://www.xdowns.com/",
            "type": "site",
            "bgType": "image",
            "bgColor": "rgba(0, 0, 0, 0)",
            "bgImage": "https://infinityicon.infinitynewtab.com/usericon/e7b0915b04026390ba907cc57ff8636d.png",
            "origin": "622af28e7c5d1e54a2d1285c",
            "id": "icon-1gslmnsq84cwhi3el5lyum5niys",
            "updateTime": 1680060707656,
            "total": 0,
            "lasttime": 0
        },
        {
            "name": "高德地图",
            "target": "http://ditu.amap.com/",
            "type": "site",
            "bgType": "image",
            "bgColor": "rgba(0, 0, 0, 0)",
            "bgImage": "https://infinityicon.infinitynewtab.com/user-share-icon/d1b00e6f33c7c9c436c9fbd20a3278d7.png",
            "origin": "622af28e7c5d1e54a2d12c20",
            "id": "icon-1guhrth7mc3kkwzzymqpdh7dfpv",
            "updateTime": 1682079401206,
            "total": 0,
            "lasttime": 0
        },
        {
            "name": "福利吧",
            "target": "https://fuliba2024.net/",
            "type": "site",
            "bgType": "image",
            "bgColor": "rgba(0, 0, 0, 0)",
            "bgImage": "https://infinityicon.infinitynewtab.com/user-share-icon/2dbfe7eadc0dde1abfc358909a479ae4.png",
            "origin": "online",
            "id": "icon-1gsjdtb8b68rkpedw6yg6x7psuc",
            "updateTime": 1711822639592,
            "total": 0,
            "lasttime": 0
        },
        {
            "name": "亿破姐",
            "target": "https://www.ypojie.com/",
            "type": "site",
            "bgType": "image",
            "bgColor": "rgba(0, 0, 0, 0)",
            "bgImage": "https://infinitypro-img.infinitynewtab.com/custom-icon/8001eg86uj170qm6qwk5qbgwr1kovz.png",
            "origin": "630dd66558b016880e1b8930",
            "id": "icon-1gsjht1f1unkgwgkiwzfsoio5se",
            "updateTime": 1679988524513,
            "total": 0,
            "lasttime": 0
        },
        {
            "name": "轻工具",
            "target": "https://qinggongju.com",
            "bgType": "image",
            "bgImage": "https://static.wetab.link/user-custom-icon/zh/6422823aa28dd5b5fd7f7423/user-custom-icon1gsjjnlc66p13vkqki6fskxweyf.png",
            "bgColor": "",
            "type": "site",
            "origin": "online",
            "id": "icon-1gsjjnllhigp97lnoa0u6oc11od",
            "updateTime": 1679991078985,
            "total": 0,
            "lasttime": 0
        },
        {
            "name": "快搜 - 搜索快人一步",
            "target": "https://search.chongbuluo.com/",
            "type": "site",
            "bgType": "image",
            "bgColor": "rgba(0, 0, 0, 0)",
            "bgImage": "https://infinitypro-img.infinitynewtab.com/custom-icon/8001e7vdhp87gyu4usyznlwuod72he.png",
            "origin": "630dd66458b016880e1b857b",
            "id": "icon-1gsln5vt06fdfdrh7xhosib0r1a",
            "updateTime": 1680061169568,
            "total": 0,
            "lasttime": 0
        },
        {
            "name": "APK下载",
            "target": "https://apk.bot/",
            "bgType": "image",
            "bgImage": "https://static.wetab.link/user-custom-icon/zh/6422823aa28dd5b5fd7f7423/user-custom-icon1i02tfvi2uplhvo3b70gv0x9n3g",
            "bgColor": "",
            "type": "site",
            "origin": "online",
            "id": "icon-1i02tg02rqhvgvcrxddm93pbtb5",
            "updateTime": 1718084960346,
            "total": 0,
            "lasttime": 0
        },
        {
            "name": "1080",
            "target": "https://1080zyk7.com/",
            "bgType": "color",
            "bgImage": "",
            "bgColor": "rgba(109, 131, 95, 1)",
            "type": "site",
            "bgText": "1080",
            "origin": "color",
            "id": "icon-1i5qm2k9t2fzez3vg5iayarkja0",
            "updateTime": 1724251197756,
            "total": 0,
            "lasttime": 0
        },
        {
            "name": "XJJ",
            "target": "https://xiaojiejie.me/",
            "bgType": "image",
            "bgImage": "https://static.wetab.link/user-custom-icon/zh/6422823aa28dd5b5fd7f7423/user-custom-icon1i9ep6vc9bglasm06z17wp0dtu2",
            "bgColor": "",
            "type": "site",
            "origin": "online",
            "id": "icon-1i9ep6vpcqhv4rtskok66qim95l",
            "updateTime": 1728146800428,
            "total": 0,
            "lasttime": 0
        },
        {
            "name": "轻壁纸",
            "target": "https://qingbizhi.com/",
            "bgType": "color",
            "bgImage": "",
            "bgColor": "rgba(118, 33, 249, 1)",
            "type": "site",
            "bgText": "轻壁纸",
            "origin": "color",
            "id": "icon-1i9eph5j6qqmnyg60jk7r2pr7dd",
            "updateTime": 1728147134054,
            "total": 0,
            "lasttime": 0
        },
        {
            "name": "MOD网站",
            "target": "https://www.nexusmods.com/",
            "bgType": "image",
            "bgImage": "https://static.wetab.link/user-custom-icon/zh/6422823aa28dd5b5fd7f7423/user-custom-icon1i9grqdnbyki2tuwzzs02c4jlt5",
            "bgColor": "",
            "type": "site",
            "origin": "online",
            "id": "icon-1i9grqdvshsccht3cjjbs9hqh6r",
            "updateTime": 1728216643580,
            "total": 0,
            "lasttime": 0
        },
        {
            "name": "电影推荐 · MVCAT",
            "target": "https://www.mvcat.com/",
            "type": "site",
            "bgType": "image",
            "bgColor": "rgba(0, 0, 0, 0)",
            "bgImage": "https://infinitypro-img.infinitynewtab.com/custom-icon/8001enkuus618thasjb2visvp51g45.png",
            "origin": "630dd66658b016880e1b942e",
            "id": "icon-1gsjdermr3yi3vwzuw0gl58yhun",
            "updateTime": 1679983865563,
            "total": 0,
            "lasttime": 0
        }
    ]
},
{
    "id": "category-1i4qjuf8cgui5sfwtimfk2qmols",
    "iconClass": "icon-lvyou",
    "name": "其他",
    "updateTime": 1726724168749,
    "children": [
        {
            "name": "资源铺",
            "target": "https://zypuu.com/",
            "bgType": "image",
            "bgImage": "https://static.wetab.link/user-custom-icon/zh/6422823aa28dd5b5fd7f7423/user-custom-icon1i4qjv5hlmnh4wdayqcxsa9nm6o",
            "bgColor": "",
            "type": "site",
            "origin": "online",
            "id": "icon-1i4qjv5r0n7d3qdybnjt2nlko6h",
            "updateTime": 1723175245664,
            "total": 0,
            "lasttime": 0
        },
        {
            "name": "奇趣网站收藏",
            "target": "https://fuun.fun",
            "bgType": "image",
            "bgImage": "https://static.wetab.link/user-custom-icon/zh/6422823aa28dd5b5fd7f7423/user-custom-icon1i4qk4s1b1gejnteog3crst7hoi",
            "bgColor": "",
            "type": "site",
            "origin": "online",
            "id": "icon-1i4qk4s715vw2rb63m7s11q3nmb",
            "updateTime": 1723175439261,
            "total": 1,
            "lasttime": 1745820552857
        },
        {
            "name": "资源收藏夹",
            "target": "https://zyscj.com/",
            "bgType": "image",
            "bgImage": "https://static.wetab.link/user-custom-icon/zh/6422823aa28dd5b5fd7f7423/user-custom-icon1i4qk6palisprabv3x3gqzc6y1z",
            "bgColor": "",
            "type": "site",
            "origin": "online",
            "id": "icon-1i4qk6pfhfin27g1gaztxehkyf4",
            "updateTime": 1723175495153,
            "total": 0,
            "lasttime": 0
        },
        {
            "name": "slowroads",
            "target": "https://slowroads.io/",
            "bgType": "color",
            "bgImage": "",
            "bgColor": "rgba(125, 171, 136, 1)",
            "type": "site",
            "bgText": "sw",
            "origin": "color",
            "id": "icon-1i5kk86ahldlfz6oueffudozc3y",
            "updateTime": 1724048455432,
            "total": 1,
            "lasttime": 1745820268760
        },
        {
            "name": "获取图标",
            "target": "https://pushkeen.ai/",
            "bgType": "color",
            "bgImage": "",
            "bgColor": "rgba(125, 171, 136, 1)",
            "type": "site",
            "bgText": "图标",
            "origin": "color",
            "id": "icon-1i5kkmvk310j8rezm5ier8qkxzn",
            "updateTime": 1724048440962,
            "total": 0,
            "lasttime": 0
        },
        {
            "name": "中国省份",
            "target": "https://vultr.youmu.moe/quiz/",
            "bgType": "color",
            "bgImage": "",
            "bgColor": "rgba(125, 171, 136, 1)",
            "type": "site",
            "bgText": "省份",
            "origin": "color",
            "id": "icon-1i5kkt6vs93n10rtov6v3ridd4f",
            "updateTime": 1724048645116,
            "total": 0,
            "lasttime": 0
        },
        {
            "name": "即时小工具",
            "target": "https://www.67tool.com/",
            "bgType": "image",
            "bgImage": "https://static.wetab.link/user-custom-icon/zh/6422823aa28dd5b5fd7f7423/user-custom-icon1i5ksgs6px167x6gqxykc6q023i",
            "bgColor": "",
            "type": "site",
            "origin": "online",
            "id": "icon-1i5ksgsct2b8lsa18n92kuy2whi",
            "updateTime": 1724056629661,
            "total": 0,
            "lasttime": 0
        },
        {
            "name": "影视",
            "target": "https://www.yjys02.com/",
            "bgType": "image",
            "bgImage": "https://static.wetab.link/user-custom-icon/zh/6422823aa28dd5b5fd7f7423/user-custom-icon1i5prthlsu8hiv8r33t3sjujzrl",
            "bgColor": "",
            "type": "site",
            "origin": "online",
            "id": "icon-1i5prthspth2kxc9l1m0zb02x1s",
            "updateTime": 1724223768473,
            "total": 0,
            "lasttime": 0
        },
        {
            "name": "摸鱼小游戏",
            "target": "https://jxgame.net/",
            "bgType": "image",
            "bgImage": "https://static.wetab.link/user-custom-icon/zh/6422823aa28dd5b5fd7f7423/user-custom-icon1i69d4g8tktq8fuxckmkspad3w3",
            "bgColor": "",
            "type": "site",
            "origin": "online",
            "id": "icon-1i69d4gf827gcjfy1os9eg5kibj",
            "updateTime": 1724745138664,
            "total": 1,
            "lasttime": 1745827223434
        },
        {
            "name": "塔防战争",
            "target": "https://kiomet.com/",
            "bgType": "image",
            "bgImage": "https://static.wetab.link/user-custom-icon/zh/6422823aa28dd5b5fd7f7423/user-custom-icon1i69ebmk5chzfo9842vosho6qwd",
            "bgColor": "",
            "type": "site",
            "origin": "online",
            "id": "icon-1i69ebmq9igeysi2gzwwnw5vv3i",
            "updateTime": 1724746423113,
            "total": 1,
            "lasttime": 1745820276877
        },
        {
            "name": "沙雕新闻",
            "target": "https://shadiao.plus/",
            "bgType": "image",
            "bgImage": "https://static.wetab.link/user-custom-icon/zh/6422823aa28dd5b5fd7f7423/user-custom-icon1i69i8khnu8stw7ddfl28f5m4qq",
            "bgColor": "",
            "type": "site",
            "origin": "online",
            "id": "icon-1i69i8kqp402wmxorv4noulcil9",
            "updateTime": 1724750517081,
            "total": 1,
            "lasttime": 1745820495897
        },
        {
            "name": "斗图",
            "target": "https://www.doutupk.com/",
            "bgType": "image",
            "bgImage": "https://static.wetab.link/user-custom-icon/zh/6422823aa28dd5b5fd7f7423/user-custom-icon1i69ic29v9826mvi1n34eq4ajy7",
            "bgColor": "",
            "type": "site",
            "origin": "online",
            "id": "icon-1i69ic2f6i5n50px4xd1tg3s7sq",
            "updateTime": 1724750629350,
            "total": 0,
            "lasttime": 0
        },
        {
            "name": "摸鱼专区",
            "target": "https://www.oschina.net/group/fishfish",
            "bgType": "image",
            "bgImage": "https://static.wetab.link/user-custom-icon/zh/6422823aa28dd5b5fd7f7423/user-custom-icon1i69iqttfq9d4waeuchaxforqvo",
            "bgColor": "",
            "type": "site",
            "origin": "online",
            "id": "icon-1i69iquqfq0rw48ed3o0vo47wmc",
            "updateTime": 1724751117135,
            "total": 2,
            "lasttime": 1745827232368
        },
        {
            "name": "游戏520",
            "target": "https://www.gamer520.com/",
            "bgType": "image",
            "bgImage": "https://static.wetab.link/user-custom-icon/zh/6422823aa28dd5b5fd7f7423/user-custom-icon1i6e0cbm15fq5o3044sjr90ljqc",
            "bgColor": "",
            "type": "site",
            "origin": "online",
            "id": "icon-1i6e0auqusji1s9emh2rn4w9x5w",
            "updateTime": 1724899536708,
            "total": 0,
            "lasttime": 0
        },
        {
            "name": "游戏天堂",
            "target": "https://www.zzzzz688.com/",
            "bgType": "image",
            "bgImage": "https://static.wetab.link/user-custom-icon/zh/6422823aa28dd5b5fd7f7423/user-custom-icon1i6e0bhbqqes7n0662fxt8bqok7",
            "bgColor": "",
            "type": "site",
            "origin": "online",
            "id": "icon-1i6e0bhhgyt5z7f8a2tcf1aqoer",
            "updateTime": 1724899551922,
            "total": 0,
            "lasttime": 0
        },
        {
            "name": "单机游戏",
            "target": "https://steamzg.com/category/%e5%8d%95%e6%9c%ba%e6%b8%b8%e6%88%8f/",
            "bgType": "image",
            "bgImage": "https://static.wetab.link/user-custom-icon/zh/6422823aa28dd5b5fd7f7423/user-custom-icon1i6e0bqnpzl8vy4b35jcm3q5q0p",
            "bgColor": "",
            "type": "site",
            "origin": "online",
            "id": "icon-1i6e0bqruu188qj19sap3cmddg8",
            "updateTime": 1724899559633,
            "total": 0,
            "lasttime": 0
        },
        {
            "name": "椰子",
            "target": "http://h5.yezi86.com:90/#/login",
            "bgType": "image",
            "bgImage": "https://static.wetab.link/user-custom-icon/zh/6422823aa28dd5b5fd7f7423/user-custom-icon1i84cfmn5yitzbah2usgjnevdl7",
            "bgColor": "",
            "type": "site",
            "origin": "online",
            "id": "icon-1i84cfn1dr5tqt6ycfeu9x2bv10",
            "updateTime": 1726724168749,
            "total": 0,
            "lasttime": 0
        }
    ]
}
]